{"schemaVersion":"1.0","appDefinitionTemplate":{"id":"/providers/Microsoft.PowerApps/apps/","type":"Microsoft.PowerApps/apps","tags":{"primaryDeviceWidth":"640","primaryDeviceHeight":"1136","sienaVersion":"20231011T160233Z-3.23094.31.0","deviceCapabilities":"","supportsPortrait":"true","supportsLandscape":"false","primaryFormFactor":"Phone","publisherVersion":"3.23094.31","minimumRequiredApiVersion":"2.2.0","hasComponent":"true","hasUnlockedComponent":"true","isUnifiedRootApp":"false","showStatusBar":"false"},"properties":{"appVersion":"2023-10-11T16:02:33Z","lifeCycleId":"Published","createdByClientVersion":{"major":3,"minor":23094,"build":31,"revision":0,"majorRevision":0,"minorRevision":0},"minClientVersion":{"major":3,"minor":23094,"build":31,"revision":0,"majorRevision":0,"minorRevision":0},"backgroundColor":"rgba(56, 96, 178, 1)","backgroundImageUri":"/15944663489916756154/Nf1997e02-05ca-45b9-a96f-910c5a599dcd-logoSmallFile","displayName":"BayRooms","description":"Mobile app for Booking short term accommodation in UHMB.","commitMessage":"","appUris":{"documentUri":{"value":"/15944663489916756154/N594bf39a-49ae-4538-acb1-c4b385c1a3f2-document.msapp"},"imageUris":[],"additionalUris":[]},"createdTime":"0001-01-01T00:00:00Z","lastModifiedTime":"0001-01-01T00:00:00Z","sharedGroupsCount":0,"sharedUsersCount":0,"connectionReferences":{"64852b16-4509-4d34-be4c-adfa1f496b3a":{"id":"bef950ed-94e8-49fd-ba32-54952cd2aec7","displayName":"Office 365 Users","iconUri":"https://connectoricons-prod.azureedge.net/u/henryorsborn/partial-builds/asev3migrations-with-resourceTemplate/1.0.1653.3414/office365users/icon.png","dataSources":["Office365Users"],"dependencies":[],"dependents":[],"parameterHints":{},"parameterHintsV2":{},"isOnPremiseConnection":false,"bypassConsent":true,"dataSets":{},"apiTier":"Standard","isCustomApiConnection":false,"actions":["MyProfile","UserPhoto","UserProfileV2"]},"0ef5dfd3-3133-4a23-99e6-679b26f18177":{"id":"bf1d5118-cfe9-4921-8ddf-ae0fe730d44d","displayName":"SharePoint","iconUri":"https://connectoricons-prod.azureedge.net/u/henryorsborn/partial-builds/asev3migrations-with-resourceTemplate/1.0.1653.3414/sharepointonline/icon.png","dataSources":["Sites","UHMB Room Reservations","UHMB Rooms","PowerApps Versions"],"dependencies":[],"dependents":[],"parameterHints":{},"parameterHintsV2":{},"isOnPremiseConnection":false,"bypassConsent":true,"dataSets":{"https://nhscanl.sharepoint.com/teams/PEFAssetBookingTeam":{"dataSources":{"Sites":{"tableName":"6bcc8806-f232-45c1-81d1-cc78d00a5c8e"}}},"https://nhscanl.sharepoint.com/teams/UHMBAccommodationTeam":{"dataSources":{"UHMB Room Reservations":{"tableName":"c67bf0fd-7f3f-422e-9420-d9ebd4dca367"},"UHMB Rooms":{"tableName":"a0f0456b-dab9-4d5e-bdbf-89dd791be7f8"}}},"https://nhscanl.sharepoint.com/sites/DevelopmentTeam":{"dataSources":{"PowerApps Versions":{"tableName":"6a8799f7-2fe9-469b-afac-d52d6eed2368"}}}},"apiTier":"Standard","isCustomApiConnection":false,"actions":["providers/PowerPlatform.Governance/Operations/Read","providers/PowerPlatform.Governance/Operations/Write","providers/PowerPlatform.Governance/Operations/Delete"]},"9bfb6d37-3dc1-44ed-bb5f-cd5d28e05efa":{"id":"78952820-069b-4edd-b777-25f59e155ea7","displayName":"Office 365 Groups","iconUri":"https://connectoricons-prod.azureedge.net/releases/v1.0.1654/1.0.1654.3410/office365groups/icon.png","dataSources":["Office365Groups"],"dependencies":[],"dependents":[],"parameterHints":{},"parameterHintsV2":{},"isOnPremiseConnection":false,"bypassConsent":true,"dataSets":{},"apiTier":"Standard","isCustomApiConnection":false,"actions":["ListOwnedGroups","ListGroupMembers"]},"471223b4-14e9-48b4-83d2-480b0a8340bd":{"id":"ba4e281d-6de0-4e77-a1ef-8540d075b5e7","displayName":"Logic flows","iconUri":"https://connectoricons-prod.azureedge.net/releases/v1.0.1653/1.0.1653.3403/logicflows/icon.png","dataSources":["BayRooms-Emailmereport"],"dependencies":["2ef772ab-0971-4cf9-b4f2-6abf10d528a2","3ba05ce9-f835-44b6-adff-71968799b570","29eded00-8805-4523-9e09-6914fb7e5db1"],"dependents":[],"parameterHints":{"workflowName":{"value":"566a1c77-6175-4f39-ad88-21f2901f71b6"},"workflowEntityId":{},"2ef772ab-0971-4cf9-b4f2-6abf10d528a2":{"value":"shared_excelonlinebusiness"},"3ba05ce9-f835-44b6-adff-71968799b570":{"value":"shared_sharepointonline"},"29eded00-8805-4523-9e09-6914fb7e5db1":{"value":"shared_sendmail_1"}},"parameterHintsV2":{"workflowName":{"value":"566a1c77-6175-4f39-ad88-21f2901f71b6"},"workflowEntityId":{},"shared_excelonlinebusiness":{"value":"2ef772ab-0971-4cf9-b4f2-6abf10d528a2"},"shared_sharepointonline":{"value":"3ba05ce9-f835-44b6-adff-71968799b570"},"shared_sendmail_1":{"value":"29eded00-8805-4523-9e09-6914fb7e5db1"}},"isOnPremiseConnection":false,"bypassConsent":true,"dataSets":{},"apiTier":"Standard","isCustomApiConnection":false,"actions":["Run"],"nestedActions":[{"id":"/providers/Microsoft.PowerApps/apis/shared_excelonlinebusiness/apiOperations/GetItems","apiName":"Excel Online (Business)","actionName":"GetItems","referencedResources":[{"key":"fileId","value":"b!uJohUAXb-U2L9Nu2c_QEL5shXksGpktEjNy3ej1gzJDEz8R6xpWBQKyXRAUAfMw5/01SHPEMDPJ4JRMLGW2WFE2QZ5OGCCUACSC"},{"key":"table","value":"{E098728E-0CF7-4520-AE80-26329C31325C}"}]},{"id":"/providers/Microsoft.PowerApps/apis/shared_sharepointonline/apiOperations/GetFileContentByPath","apiName":"SharePoint","actionName":"GetFileContentByPath","referencedResources":[{"key":"site","value":"https://nhscanl.sharepoint.com/teams/UHMBAccommodationTeam"}]},{"id":"/providers/Microsoft.PowerApps/apis/shared_sharepointonline/apiOperations/CopyFileAsync","apiName":"SharePoint","actionName":"CopyFileAsync","referencedResources":[{"key":"site","value":"https://nhscanl.sharepoint.com/teams/UHMBAccommodationTeam"}]},{"id":"/providers/Microsoft.PowerApps/apis/shared_sendmail/apiOperations/SendEmailV3","apiName":"Mail","actionName":"SendEmailV3","referencedResources":[]},{"id":"/providers/Microsoft.PowerApps/apis/shared_excelonlinebusiness/apiOperations/AddRowV2","apiName":"Excel Online (Business)","actionName":"AddRowV2","referencedResources":[{"key":"fileId","value":"b!uJohUAXb-U2L9Nu2c_QEL5shXksGpktEjNy3ej1gzJD7MzZJWK2MRY8DdIAcWbFQ/@outputs('Copy_file')?['body/Path']"},{"key":"table","value":"{E098728E-0CF7-4520-AE80-26329C31325C}"}]},{"id":"/providers/Microsoft.PowerApps/apis/shared_excelonlinebusiness/apiOperations/DeleteItem","apiName":"Excel Online (Business)","actionName":"DeleteItem","referencedResources":[{"key":"fileId","value":"b!_vstK3WzLkasxQ5wctnKaDLEqVxBXapErV2H4ARtFwZJys5w_czFT5QeHiCWBg0R/01H4GTAMC5YTNCQYY6ZZB26I3WTXXCWWIT"},{"key":"table","value":"{E098728E-0CF7-4520-AE80-26329C31325C}"}]}]},"2ef772ab-0971-4cf9-b4f2-6abf10d528a2":{"id":"4df1b9cf-0668-497c-b45d-e428256b9f0f","displayName":"Excel Online (Business)","iconUri":"https://connectoricons-prod.azureedge.net/releases/v1.0.1658/1.0.1658.3452/excelonlinebusiness/icon.png","dataSources":[],"dependencies":[],"dependents":["471223b4-14e9-48b4-83d2-480b0a8340bd"],"parameterHints":{},"parameterHintsV2":{},"isOnPremiseConnection":false,"bypassConsent":true,"dataSets":{},"apiTier":"Standard","isCustomApiConnection":false},"3ba05ce9-f835-44b6-adff-71968799b570":{"id":"bf1d5118-cfe9-4921-8ddf-ae0fe730d44d","displayName":"SharePoint","iconUri":"https://connectoricons-prod.azureedge.net/u/henryorsborn/partial-builds/asev3migrations-with-resourceTemplate/1.0.1653.3414/sharepointonline/icon.png","dataSources":[],"dependencies":[],"dependents":["471223b4-14e9-48b4-83d2-480b0a8340bd"],"parameterHints":{},"parameterHintsV2":{},"isOnPremiseConnection":false,"bypassConsent":true,"dataSets":{},"apiTier":"Standard","isCustomApiConnection":false},"29eded00-8805-4523-9e09-6914fb7e5db1":{"id":"254c175c-24d5-442f-93d5-3c731be7e56b","displayName":"Mail","iconUri":"https://connectoricons-prod.azureedge.net/releases/v1.0.1658/1.0.1658.3450/sendmail/icon.png","dataSources":[],"dependencies":[],"dependents":["471223b4-14e9-48b4-83d2-480b0a8340bd","91762755-c93d-410f-b8c5-fd060d204852"],"parameterHints":{},"parameterHintsV2":{},"isOnPremiseConnection":false,"bypassConsent":true,"dataSets":{},"apiTier":"Standard","isCustomApiConnection":false},"91762755-c93d-410f-b8c5-fd060d204852":{"id":"ba4e281d-6de0-4e77-a1ef-8540d075b5e7","displayName":"Logic flows","iconUri":"https://connectoricons-prod.azureedge.net/releases/v1.0.1653/1.0.1653.3403/logicflows/icon.png","dataSources":["BayRooms-Cancellationconfirmation"],"dependencies":["29eded00-8805-4523-9e09-6914fb7e5db1"],"dependents":[],"parameterHints":{"workflowName":{"value":"d205bf13-fee7-4d2a-9f42-4f27eed790c8"},"workflowEntityId":{},"29eded00-8805-4523-9e09-6914fb7e5db1":{"value":"shared_sendmail"}},"parameterHintsV2":{"workflowName":{"value":"d205bf13-fee7-4d2a-9f42-4f27eed790c8"},"workflowEntityId":{},"shared_sendmail":{"value":"29eded00-8805-4523-9e09-6914fb7e5db1"}},"isOnPremiseConnection":false,"bypassConsent":true,"dataSets":{},"apiTier":"Standard","isCustomApiConnection":false,"actions":["Run"],"nestedActions":[{"id":"/providers/Microsoft.PowerApps/apis/shared_sendmail/apiOperations/SendEmailV3","apiName":"Mail","actionName":"SendEmailV3","referencedResources":[]}]}},"databaseReferences":{},"almMode":"Environment","performanceOptimizationEnabled":true,"canConsumeAppPass":true,"enableModernRuntimeMode":false,"executionRestrictions":{"isTeamsOnly":false,"dataLossPreventionEvaluationResult":{"status":"Compliant","lastEvaluationDate":"2023-10-11T16:03:04.2552863Z","violations":[],"violationsByPolicy":[],"violationErrorMessage":"The app uses the following connectors: shared_office365users, shared_sharepointonline, shared_office365groups, shared_logicflows, shared_excelonlinebusiness, shared_sendmail."},"httpActionRestriction":{"appUsesSharepointHttpAction":false,"enforcementStrategy":"Legacy","evaluationTime":"2023-10-11T16:03:04.2549946Z"}}},"appType":"ClassicCanvasApp","appComponents":[]}}