{"name":"86eeaceb-a3e3-4a9f-a6a4-f86546b8c1dd","id":"/providers/Microsoft.Flow/flows/86eeaceb-a3e3-4a9f-a6a4-f86546b8c1dd","type":"Microsoft.Flow/flows","properties":{"apiId":"/providers/Microsoft.PowerApps/apis/shared_logicflows","displayName":"BayRooms - Email me report","definition":{"metadata":{"workflowEntityId":null,"processAdvisorMetadata":null,"flowChargedByPaygo":null,"flowclientsuspensionreason":"None","flowclientsuspensiontime":null,"flowclientsuspensionreasondetails":null,"creator":{"id":"95c52a2d-6e90-48ae-a1b1-c5dd327d6324","type":"User","tenantId":"a888fcf9-6c3a-4865-8841-7ba9ea7c7e4f"},"provisioningMethod":"FromDefinition","failureAlertSubscription":true,"clientLastModifiedTime":"2023-06-15T07:38:55.3695488Z"},"$schema":"https://schema.management.azure.com/providers/Microsoft.Logic/schemas/2016-06-01/workflowdefinition.json#","contentVersion":"1.0.0.0","parameters":{"$connections":{"defaultValue":{},"type":"Object"},"$authentication":{"defaultValue":{},"type":"SecureObject"}},"triggers":{"manual":{"metadata":{"operationMetadataId":"c8128a6a-6af2-4c19-b116-1edbb1520e4a"},"type":"Request","kind":"PowerAppV2","inputs":{"schema":{"type":"object","properties":{"text":{"title":"jsondata","type":"string","x-ms-dynamically-added":true,"description":"Please enter your input","x-ms-content-hint":"TEXT"},"text_1":{"title":"personemail","type":"string","x-ms-dynamically-added":true,"description":"Please enter your input","x-ms-content-hint":"TEXT"}},"required":["text","text_1"]}}}},"actions":{"Initialize_variable":{"runAfter":{},"metadata":{"operationMetadataId":"7727232d-41be-4852-8b6d-83edf775e992"},"type":"InitializeVariable","inputs":{"variables":[{"name":"myJSON","type":"string","value":"@triggerBody()['text']"}]}},"Parse_JSON":{"runAfter":{"Initialize_variable":["Succeeded"]},"metadata":{"operationMetadataId":"50cf00c4-015b-48ac-ba95-0415734d8238"},"type":"ParseJson","inputs":{"content":"@variables('myJSON')","schema":{"type":"array","items":{"type":"object","properties":{"Author":{"type":"object","properties":{"Claims":{"type":"string"},"Department":{"type":["string","null"]},"DisplayName":{"type":"string"},"Email":{"type":"string"},"JobTitle":{"type":["string","null"]}}},"CheckOutFrom":{"type":"string"},"CheckOutFromNumber":{"type":"integer"},"CheckOutFromText":{"type":"string"},"CheckOutTo":{"type":"string"},"CheckOutToNumber":{"type":"integer"},"CheckOutToText":{"type":"string"},"Created":{"type":"string"},"DeskText":{"type":"string"},"Editor":{"type":"object","properties":{"Claims":{"type":["string","null"]},"Department":{"type":["string","null"]},"DisplayName":{"type":["string","null"]},"Email":{"type":["string","null"]},"JobTitle":{"type":["string","null"]}}},"ID":{"type":"integer"},"Modified":{"type":"string"},"ReservedBy":{"type":"object","properties":{"Claims":{"type":"string"},"Department":{"type":["string","null"]},"DisplayName":{"type":"string"},"Email":{"type":"string"},"JobTitle":{"type":["string","null"]}}},"Room":{"type":"string"},"RoomKeyLocation":{"type":"object","properties":{"Value":{"type":"string"}}},"Site":{"type":"string"},"Title":{"type":"string"},"{FilenameWithExtension}":{"type":"string"},"{FullPath}":{"type":"string"},"{Identifier}":{"type":"string"},"{IsFolder}":{"type":"boolean"},"{Link}":{"type":"string"},"{Name}":{"type":"string"},"{Path}":{"type":"string"},"{Thumbnail}":{"type":"object","properties":{"Large":{},"Medium":{},"Small":{}}},"{VersionNumber}":{"type":"string"}},"required":["Author","CheckOutFrom","CheckOutFromNumber","CheckOutFromText","CheckOutTo","CheckOutToNumber","CheckOutToText","Created","DeskText","Editor","ID","Modified","ReservedBy","Room","Site","Title","{FilenameWithExtension}","{FullPath}","{Identifier}","{IsFolder}","{Link}","{Name}","{Path}","{Thumbnail}","{VersionNumber}"]}}}},"Add_New_Rows":{"foreach":"@body('Parse_JSON')","actions":{"Add_a_row_into_a_table":{"runAfter":{},"metadata":{"01H4GTAMC5YTNCQYY6ZZB26I3WTXXCWWIT":"/M365/App Solutions/BayRooms/Templates/ExportList.xlsx","operationMetadataId":"e2d5b8a7-2ec9-49a9-9b1b-333e820ec5df","tableId":"{E098728E-0CF7-4520-AE80-26329C31325C}"},"type":"OpenApiConnection","inputs":{"host":{"apiId":"/providers/Microsoft.PowerApps/apis/shared_excelonlinebusiness","connectionName":"shared_excelonlinebusiness","operationId":"AddRowV2"},"parameters":{"source":"groups/19169231-c7c1-42c3-a766-ac89ccf0b626","drive":"b!uJohUAXb-U2L9Nu2c_QEL5shXksGpktEjNy3ej1gzJD7MzZJWK2MRY8DdIAcWbFQ","file":"@outputs('Copy_file')?['body/Path']","table":"{E098728E-0CF7-4520-AE80-26329C31325C}","item":{"Site":"@{items('Add_New_Rows')['Site']}","Room":"@{items('Add_New_Rows')['Room']}","From":"@{formatDateTime(items('Add_New_Rows')['CheckOutFrom'],'dd MMM yyyy')}","To":"@{formatDateTime(items('Add_New_Rows')['CheckOutTo'],'dd MMM yyyy')}","Days":"@{Add(div(sub(ticks(items('Add_New_Rows')['CheckOutTo']),ticks(items('Add_New_Rows')['CheckOutFrom'])),864000000000),1)}","User":"@{items('Add_New_Rows')?['ReservedBy']?['DisplayName']}","User Email":"@{items('Add_New_Rows')?['ReservedBy']?['Email']}","Booked":"@{formatDateTime(items('Add_New_Rows')['Created'],'dd/MM/yyyy HH:mm')}","Key Location":"@{items('Add_New_Rows')?['RoomKeyLocation']?['Value']}"}},"authentication":{"value":"@json(decodeBase64(triggerOutputs().headers['X-MS-APIM-Tokens']))['$ConnectionKey']","type":"Raw"}}}},"runAfter":{"Copy_file":["Succeeded"]},"metadata":{"operationMetadataId":"d5547568-cea2-45b1-ba31-ddc4b1d3e079"},"type":"Foreach"},"List_rows_present_in_a_table":{"runAfter":{"Parse_JSON":["Succeeded"]},"metadata":{"01H4GTAMC5YTNCQYY6ZZB26I3WTXXCWWIT":"/M365/App Solutions/BayRooms/Templates/ExportList.xlsx","operationMetadataId":"2ec44fe1-be7c-486e-b134-082a1da4eb9f","tableId":"{E098728E-0CF7-4520-AE80-26329C31325C}","01SHPEMDPJ4JRMLGW2WFE2QZ5OGCCUACSC":"/ExportList.xlsx"},"type":"OpenApiConnection","inputs":{"host":{"apiId":"/providers/Microsoft.PowerApps/apis/shared_excelonlinebusiness","connectionName":"shared_excelonlinebusiness","operationId":"GetItems"},"parameters":{"source":"groups/19169231-c7c1-42c3-a766-ac89ccf0b626","drive":"b!uJohUAXb-U2L9Nu2c_QEL5shXksGpktEjNy3ej1gzJDEz8R6xpWBQKyXRAUAfMw5","file":"01SHPEMDPJ4JRMLGW2WFE2QZ5OGCCUACSC","table":"{E098728E-0CF7-4520-AE80-26329C31325C}"},"authentication":{"value":"@json(decodeBase64(triggerOutputs().headers['X-MS-APIM-Tokens']))['$ConnectionKey']","type":"Raw"}}},"Delete_Old_Rows":{"foreach":"@outputs('List_rows_present_in_a_table')?['body/value']","actions":{"Delete_a_row":{"runAfter":{},"metadata":{"01H4GTAMC5YTNCQYY6ZZB26I3WTXXCWWIT":"/M365/App Solutions/BayRooms/Templates/ExportList.xlsx","operationMetadataId":"5dc076ab-0f8b-4989-9f64-81e62667d7d8","tableId":"{E098728E-0CF7-4520-AE80-26329C31325C}"},"type":"OpenApiConnection","inputs":{"host":{"apiId":"/providers/Microsoft.PowerApps/apis/shared_excelonlinebusiness","connectionName":"shared_excelonlinebusiness","operationId":"DeleteItem"},"parameters":{"source":"groups/c70d2cf7-c3c4-46db-8d5e-1dc6c3e89082","drive":"b!_vstK3WzLkasxQ5wctnKaDLEqVxBXapErV2H4ARtFwZJys5w_czFT5QeHiCWBg0R","file":"01H4GTAMC5YTNCQYY6ZZB26I3WTXXCWWIT","table":"{E098728E-0CF7-4520-AE80-26329C31325C}","idColumn":"Booked","id":"@items('Delete_Old_Rows')?['Booked']"},"authentication":{"value":"@json(decodeBase64(triggerOutputs().headers['X-MS-APIM-Tokens']))['$ConnectionKey']","type":"Raw"}}}},"runAfter":{"List_rows_present_in_a_table":["Succeeded"]},"metadata":{"operationMetadataId":"5a5a195e-25b6-44bc-8839-4d221b6746f5"},"type":"Foreach"},"Get_file_content_using_path":{"runAfter":{"Delay":["Succeeded"]},"metadata":{"operationMetadataId":"a9a6c03c-91d3-4ee7-b264-a0acb2a60d11"},"type":"OpenApiConnection","inputs":{"host":{"apiId":"/providers/Microsoft.PowerApps/apis/shared_sharepointonline","connectionName":"shared_sharepointonline","operationId":"GetFileContentByPath"},"parameters":{"dataset":"https://nhscanl.sharepoint.com/teams/UHMBAccommodationTeam","path":"@outputs('Copy_file')?['body/Path']","inferContentType":true},"authentication":{"value":"@json(decodeBase64(triggerOutputs().headers['X-MS-APIM-Tokens']))['$ConnectionKey']","type":"Raw"}}},"Copy_file":{"runAfter":{"Delete_Old_Rows":["Succeeded"]},"metadata":{"%252fShared%2bDocuments%252fM365%252fApp%2bSolutions%252fBayRooms%252fTemplates%252fExportList.xlsx":"/Shared Documents/M365/App Solutions/BayRooms/Templates/ExportList.xlsx","operationMetadataId":"5bebf46b-b372-4b04-bf99-0e2cdfeb83c4","%252fTemplates%252fExportList.xlsx":"/Templates/ExportList.xlsx"},"type":"OpenApiConnection","inputs":{"host":{"apiId":"/providers/Microsoft.PowerApps/apis/shared_sharepointonline","connectionName":"shared_sharepointonline","operationId":"CopyFileAsync"},"parameters":{"dataset":"https://nhscanl.sharepoint.com/teams/UHMBAccommodationTeam","parameters/sourceFileId":"%252fTemplates%252fExportList.xlsx","parameters/destinationDataset":"https://nhscanl.sharepoint.com/teams/UHMBAccommodationTeam","parameters/destinationFolderPath":"/Shared Documents/General/Reports","parameters/nameConflictBehavior":2},"authentication":{"value":"@json(decodeBase64(triggerOutputs().headers['X-MS-APIM-Tokens']))['$ConnectionKey']","type":"Raw"}}},"Delay":{"runAfter":{"Add_New_Rows":["Succeeded"]},"metadata":{"operationMetadataId":"46fac86c-52ac-4004-887b-5465e1599d59"},"type":"Wait","inputs":{"interval":{"count":1,"unit":"Minute"}}},"Send_an_email_notification_(V3)":{"runAfter":{"Get_file_content_using_path":["Succeeded"]},"metadata":{"operationMetadataId":"290c808e-f3e2-4ca7-b566-c805017d6649"},"type":"OpenApiConnection","inputs":{"host":{"apiId":"/providers/Microsoft.PowerApps/apis/shared_sendmail","connectionName":"shared_sendmail_1","operationId":"SendEmailV3"},"parameters":{"request/to":"@{triggerBody()['text_1']};;","request/subject":"Your BayRooms extract is attached","request/text":"<p>Please see attached file. <br>\n<br>\n<br>\n-----<br>\nI3 Digital Services Team</p>","request/files":"@body('Get_file_content_using_path')","request/filenames":"BayRoom Extract.xlsx"},"authentication":{"value":"@json(decodeBase64(triggerOutputs().headers['X-MS-APIM-Tokens']))['$ConnectionKey']","type":"Raw"}}}}},"connectionReferences":{"shared_excelonlinebusiness":{"connectionName":"445855d1a6b045fca75ce08c752d38bc","source":"Invoker","id":"/providers/Microsoft.PowerApps/apis/shared_excelonlinebusiness","tier":"NotSpecified"},"shared_sharepointonline":{"connectionName":"32822f89f35a4440b35a54d39b19205d","source":"Invoker","id":"/providers/Microsoft.PowerApps/apis/shared_sharepointonline","tier":"NotSpecified"},"shared_sendmail_1":{"connectionName":"shared-sendmail-3e7b763d-8cf1-435f-a832-65219eaaafda","source":"Invoker","id":"/providers/Microsoft.PowerApps/apis/shared_sendmail","tier":"NotSpecified"}},"flowFailureAlertSubscribed":false,"isManaged":false}}