{"name":"abf65b36-dd26-4b4a-a983-e2192f325f27","id":"/providers/Microsoft.Flow/flows/abf65b36-dd26-4b4a-a983-e2192f325f27","type":"Microsoft.Flow/flows","properties":{"apiId":"/providers/Microsoft.PowerApps/apis/shared_logicflows","displayName":"Extract Team Members (with Tags) HTML","definition":{"metadata":{"workflowEntityId":null,"processAdvisorMetadata":null,"flowclientsuspensionreason":"None","flowclientsuspensiontime":null,"flowclientsuspensionreasondetails":null,"creator":{"id":"66f5bd7e-d590-4f2c-986f-2a1615a969d0","type":"User","tenantId":"a888fcf9-6c3a-4865-8841-7ba9ea7c7e4f"},"provisioningMethod":"FromDefinition","failureAlertSubscription":true,"clientLastModifiedTime":"2023-01-09T15:49:48.2031875Z"},"$schema":"https://schema.management.azure.com/providers/Microsoft.Logic/schemas/2016-06-01/workflowdefinition.json#","contentVersion":"1.0.0.0","parameters":{"$connections":{"defaultValue":{},"type":"Object"},"$authentication":{"defaultValue":{},"type":"SecureObject"}},"triggers":{"manual":{"metadata":{"operationMetadataId":"184d4e00-15ce-4016-ae97-fbb636c42a0e"},"type":"Request","kind":"Button","inputs":{"schema":{"type":"object","properties":{"text":{"title":"Link to Team","type":"string","x-ms-dynamically-added":true,"description":"Please enter your input","x-ms-content-hint":"TEXT"}},"required":["text"]},"headersSchema":{"x-ms-user-email-encoded":{"title":"User email","type":"string","format":"byte","x-ms-dynamically-added":false}}}}},"actions":{"Get_a_team":{"runAfter":{"GroupID":["Succeeded"]},"metadata":{"operationMetadataId":"423a9ec6-41e9-4faa-9164-e890ef174205"},"type":"OpenApiConnection","inputs":{"host":{"apiId":"/providers/Microsoft.PowerApps/apis/shared_teams","connectionName":"shared_teams","operationId":"GetTeam"},"parameters":{"teamId":"@outputs('GroupID')"},"authentication":{"value":"@json(decodeBase64(triggerOutputs().headers['X-MS-APIM-Tokens']))['$ConnectionKey']","type":"Raw"}}},"Initialize_variable":{"runAfter":{},"metadata":{"operationMetadataId":"2536384e-ef29-4105-86f6-d7bc5d17dd0a"},"type":"InitializeVariable","inputs":{"variables":[{"name":"Members1","type":"array"}]}},"List_group_members":{"runAfter":{"Get_a_team":["Succeeded"]},"metadata":{"operationMetadataId":"e066b9da-05fe-4d25-ac37-ddbc55903692"},"type":"OpenApiConnection","inputs":{"host":{"apiId":"/providers/Microsoft.PowerApps/apis/shared_office365groups","connectionName":"shared_office365groups","operationId":"ListGroupMembers"},"parameters":{"groupId":"@outputs('Get_a_team')?['body/id']"},"authentication":{"value":"@json(decodeBase64(triggerOutputs().headers['X-MS-APIM-Tokens']))['$ConnectionKey']","type":"Raw"}}},"Apply_to_each_member":{"foreach":"@outputs('List_group_members')?['body/value']","actions":{"Append_member_to_array_variable":{"runAfter":{},"metadata":{"operationMetadataId":"0c8f47ca-4583-4b3f-91c8-6b0b0bf45045"},"type":"AppendToArrayVariable","inputs":{"name":"Members1","value":{"UserId":"@{items('Apply_to_each_member')?['id']}","Name":"@{items('Apply_to_each_member')?['displayName']}","Email":"@{items('Apply_to_each_member')?['mail']}","JobTitle":"@{items('Apply_to_each_member')?['jobTitle']}","Tags":""}}}},"runAfter":{"List_group_members":["Succeeded"]},"metadata":{"operationMetadataId":"c48d17a1-ee9c-4d82-933f-4c73895104a0"},"type":"Foreach"},"List_all_tags_for_selected_team":{"runAfter":{"Apply_to_each_member":["Succeeded"]},"metadata":{"operationMetadataId":"e4ef5d90-2c5f-4a0f-ac3f-efdb07777a64"},"type":"OpenApiConnection","inputs":{"host":{"apiId":"/providers/Microsoft.PowerApps/apis/shared_teams","connectionName":"shared_teams","operationId":"GetTags"},"parameters":{"groupId":"@outputs('Get_a_team')?['body/id']"},"authentication":{"value":"@json(decodeBase64(triggerOutputs().headers['X-MS-APIM-Tokens']))['$ConnectionKey']","type":"Raw"}}},"Apply_to_each_tag":{"foreach":"@outputs('List_all_tags_for_selected_team')?['body/value']","actions":{"List_the_members_for_a_tag":{"runAfter":{},"metadata":{"operationMetadataId":"634add64-0919-4fa2-8007-caea3e257678"},"type":"OpenApiConnection","inputs":{"host":{"apiId":"/providers/Microsoft.PowerApps/apis/shared_teams","connectionName":"shared_teams","operationId":"GetTagMembers"},"parameters":{"groupId":"@items('Apply_to_each_tag')?['teamId']","tagId":"@items('Apply_to_each_tag')?['id']"},"authentication":{"value":"@json(decodeBase64(triggerOutputs().headers['X-MS-APIM-Tokens']))['$ConnectionKey']","type":"Raw"}}},"Apply_to_each_membertag":{"foreach":"@outputs('List_the_members_for_a_tag')?['body/value']","actions":{"Filter_array":{"runAfter":{},"metadata":{"operationMetadataId":"1eb0c552-ed2c-4da0-9450-cbc960173529"},"type":"Query","inputs":{"from":"@variables('Members1')","where":"@equals(item()?['UserId'], items('Apply_to_each_membertag')?['userId'])"}},"Compose_Existing_Tags":{"runAfter":{"Filter_array":["Succeeded"]},"metadata":{"operationMetadataId":"8a7aefa5-9912-418c-ae35-24c47925bc4f"},"type":"Compose","inputs":"@first(body('Filter_array'))?['Tags']"},"Filter_array_2":{"runAfter":{"Compose_Existing_Tags":["Succeeded"]},"metadata":{"operationMetadataId":"1eb0c552-ed2c-4da0-9450-cbc960173529"},"type":"Query","inputs":{"from":"@variables('Members1')","where":"@not(equals(item()?['UserId'], items('Apply_to_each_membertag')?['userId']))"}},"Set_variable":{"runAfter":{"Filter_array_2":["Succeeded"]},"metadata":{"operationMetadataId":"01a460fd-bdf3-4c13-84a7-e7a5cf1ddf8a"},"type":"SetVariable","inputs":{"name":"Members1","value":"@body('Filter_array_2')"}},"Append_to_array_variable":{"runAfter":{"Set_variable":["Succeeded"]},"metadata":{"operationMetadataId":"86cc063d-9095-44ad-aa1f-6bcc204816bd"},"type":"AppendToArrayVariable","inputs":{"name":"Members1","value":{"UserId":"@{first(body('Filter_array'))?['UserId']}","Name":"@{first(body('Filter_array'))?['Name']}","Email":"@{first(body('Filter_array'))?['Email']}","JobTitle":"@{first(body('Filter_array'))?['JobTitle']}","Tags":"@{concat(first(body('Filter_array'))?['Tags'], if(equals(length(first(body('Filter_array'))?['Tags']),0),'', '; ') , outputs('Compose_Tag'))}"}}}},"runAfter":{"Compose_Tag":["Succeeded"]},"metadata":{"operationMetadataId":"04ad7f31-815d-4b70-86ac-d49bfb00aaac"},"type":"Foreach"},"Compose_Tag":{"runAfter":{"List_the_members_for_a_tag":["Succeeded"]},"metadata":{"operationMetadataId":"7634b9fb-8ca8-48a2-a19a-c09028447de7"},"type":"Compose","inputs":"@item()?['displayName']"}},"runAfter":{"List_all_tags_for_selected_team":["Succeeded"]},"metadata":{"operationMetadataId":"aa9371b3-5e8e-4e22-a1d4-05f50a805f0a"},"type":"Foreach"},"GroupID":{"runAfter":{"Initialize_variable":["Succeeded"]},"metadata":{"operationMetadataId":"2ed48694-73bc-40e3-bd0f-9977e4985038"},"type":"Compose","inputs":"@last(split(first(split(last(split(triggerBody()['text'],'?')),'&')),'='))"},"Create_HTML_table":{"runAfter":{"Select":["Succeeded"]},"metadata":{"operationMetadataId":"0277d31c-0ba8-4f80-85e2-1d895f1006ca"},"type":"Table","inputs":{"from":"@body('Select')","format":"HTML"}},"Send_an_email_from_a_shared_mailbox_(V2)":{"runAfter":{"Create_HTML_table":["Succeeded"]},"metadata":{"operationMetadataId":"0cbf3d78-00f1-44dd-ac71-3f5e7fa32771"},"type":"OpenApiConnection","inputs":{"host":{"apiId":"/providers/Microsoft.PowerApps/apis/shared_office365","connectionName":"shared_office365","operationId":"SharedMailboxSendEmailV2"},"parameters":{"emailMessage/MailboxAddress":"O365.do-not-reply@mbhci.nhs.uk","emailMessage/To":"@triggerOutputs()['headers']['x-ms-user-email-encoded']","emailMessage/Subject":"Team members with tags - @{outputs('Get_a_team')?['body/displayName']}","emailMessage/Body":"<style>\nTable {\n  font-family: Arial, Helvetica, sans-serif;\n  background-color: #EEEEEE;\n  border-collapse: collapse;\n  width: 100%;\n}\nTable td, Table th {\n  border: 1px solid #ddd;\n  padding: 3px 3px;\n}\nTable th {\n  font-size: 15px;\n  font-weight: bold;\n  padding-top: 12px;\n  padding-bottom: 12px;\n  text-align: left;\n  background-color: #1C6EA4;\n  color: white;\n}\n</style>\n<p>Here's the list of Team Members for @{outputs('Get_a_team')?['body/displayName']}:<br>\n<br>\n@{body('Create_HTML_table')}</p>","emailMessage/Importance":"Normal"},"authentication":{"value":"@json(decodeBase64(triggerOutputs().headers['X-MS-APIM-Tokens']))['$ConnectionKey']","type":"Raw"}}},"Select":{"runAfter":{"Apply_to_each_tag":["Succeeded"]},"metadata":{"operationMetadataId":"de443095-676c-4de1-85bd-b0bf13b0213d"},"type":"Select","inputs":{"from":"@variables('Members1')","select":"@removeProperty(item(),'UserId')"}}},"description":"Exports into table and send on email to the person running the flow."},"connectionReferences":{"shared_teams":{"connectionName":"shared-teams-dd443ec3-f1e4-42a4-8e01-161c125ab2ac","source":"Invoker","id":"/providers/Microsoft.PowerApps/apis/shared_teams","tier":"NotSpecified"},"shared_office365groups":{"connectionName":"ec96d66a072f46b386fe998ca2bb37da","source":"Invoker","id":"/providers/Microsoft.PowerApps/apis/shared_office365groups","tier":"NotSpecified"},"shared_office365":{"connectionName":"shared-office365-3f910de1-dbd8-4fa2-8e01-56998fbb700f","source":"Invoker","id":"/providers/Microsoft.PowerApps/apis/shared_office365","tier":"NotSpecified"}},"flowFailureAlertSubscribed":false,"isManaged":false}}