{"name":"96878c71-f20d-4290-b786-5fb698cf75ad","id":"/providers/Microsoft.Flow/flows/96878c71-f20d-4290-b786-5fb698cf75ad","type":"Microsoft.Flow/flows","properties":{"apiId":"/providers/Microsoft.PowerApps/apis/shared_logicflows","displayName":"BayRooms - Cancellation confirmation","definition":{"metadata":{"workflowEntityId":null,"processAdvisorMetadata":null,"flowChargedByPaygo":null,"flowclientsuspensionreason":"None","flowclientsuspensiontime":null,"flowclientsuspensionreasondetails":null,"creator":{"id":"95c52a2d-6e90-48ae-a1b1-c5dd327d6324","type":"User","tenantId":"a888fcf9-6c3a-4865-8841-7ba9ea7c7e4f"},"provisioningMethod":"FromDefinition","failureAlertSubscription":true,"clientLastModifiedTime":"2023-08-08T09:28:06.1991355Z"},"$schema":"https://schema.management.azure.com/providers/Microsoft.Logic/schemas/2016-06-01/workflowdefinition.json#","contentVersion":"1.0.0.0","parameters":{"$connections":{"defaultValue":{},"type":"Object"},"$authentication":{"defaultValue":{},"type":"SecureObject"}},"triggers":{"manual":{"metadata":{"operationMetadataId":"f7e2cf0a-d45f-43a8-9c56-25bf78ab1d78"},"type":"Request","kind":"PowerAppV2","inputs":{"schema":{"type":"object","properties":{"text":{"title":"jsondata","type":"string","x-ms-dynamically-added":true,"description":"Please enter your input","x-ms-content-hint":"TEXT"},"text_1":{"title":"usercancelling","type":"string","x-ms-dynamically-added":true,"description":"Please enter your input","x-ms-content-hint":"TEXT"}},"required":["text","text_1"]}}}},"actions":{"Initialize_variable":{"runAfter":{},"metadata":{"operationMetadataId":"7727232d-41be-4852-8b6d-83edf775e992"},"type":"InitializeVariable","inputs":{"variables":[{"name":"myJSON","type":"string","value":"@triggerBody()['text']"}]}},"Parse_JSON":{"runAfter":{"Initialize_variable":["Succeeded"]},"metadata":{"operationMetadataId":"50cf00c4-015b-48ac-ba95-0415734d8238"},"type":"ParseJson","inputs":{"content":"@variables('myJSON')","schema":{"type":"object","properties":{"Author":{"type":"object","properties":{"Claims":{"type":"string"},"Department":{"type":["string","null"]},"DisplayName":{"type":"string"},"Email":{"type":"string"},"JobTitle":{"type":"string"}}},"CheckOutFrom":{"type":"string"},"CheckOutFromNumber":{"type":"integer"},"CheckOutFromText":{"type":"string"},"CheckOutTo":{"type":"string"},"CheckOutToNumber":{"type":"integer"},"CheckOutToText":{"type":"string"},"Created":{"type":"string"},"DeskText":{"type":"string"},"Editor":{"type":"object","properties":{"Claims":{"type":"string"},"Department":{"type":["string","null"]},"DisplayName":{"type":"string"},"Email":{"type":"string"},"JobTitle":{"type":"string"}}},"ID":{"type":"integer"},"Modified":{"type":"string"},"ReservedBy":{"type":"object","properties":{"Claims":{"type":"string"},"Department":{"type":["string","null"]},"DisplayName":{"type":"string"},"Email":{"type":"string"},"JobTitle":{"type":"string"}}},"Room":{"type":"string"},"RoomKeyLocation":{"type":"object","properties":{"Value":{"type":"string"}}},"Site":{"type":"string"},"Title":{"type":"string"},"{FilenameWithExtension}":{"type":"string"},"{FullPath}":{"type":"string"},"{Identifier}":{"type":"string"},"{IsFolder}":{"type":"boolean"},"{Link}":{"type":"string"},"{Name}":{"type":"string"},"{Path}":{"type":"string"},"{Thumbnail}":{"type":"object","properties":{"Large":{},"Medium":{},"Small":{}}},"{VersionNumber}":{"type":"string"}}}}},"Send_an_email_notification_(V3)":{"runAfter":{"Parse_JSON":["Succeeded"]},"metadata":{"operationMetadataId":"68b11bef-4acc-4573-b992-87371b78d169"},"type":"OpenApiConnection","inputs":{"host":{"apiId":"/providers/Microsoft.PowerApps/apis/shared_sendmail","connectionName":"shared_sendmail","operationId":"SendEmailV3"},"parameters":{"request/to":"@{body('Parse_JSON')?['Author']?['Email']};","request/subject":"Your BayRooms booking is now cancelled","request/text":"<style>\n.he1 {\nfont-weight: bold;\nfont-size: large;\n}\n\n.col-container {\n display: table;\n width: 90%;\nmax-width: 850px;\nmargin: 0 auto;\n}\n.col {\n display: table-cell;\n padding: 16px;\n}\n.button {\n background-color: #4CAF50; /* Green */\n border: none;\n color: white;\n padding: 15px 32px;\n text-align: center;\n text-decoration: none;\n display: inline-block;\n font-size: 16px;\n margin: 4px 2px;\n cursor: pointer;\n}\n</style>\n\n<div class=\"col-container\">\n<img src=\"https://nhscanl.sharepoint.com/:i:/r/Shared%20Documents/UHMBT-NHS-Logo.png\" style=\"float:left\" />\n<h1 style=\"text-align: right; margin-bottom: -100px\">UHMB Estates & Facilities</h1>\n<h1 style=\"color: white; background-color: #005EB8; padding:10px\">BayRooms</h1>\n</div>\n<div class=\"col-container\">\n<div class=\"col\" style=\"background-color: #eeeeee; width: 35%;\">\n<span class=\"he1\">Your booking:</span>\n<p style=\"font-size:x-large; font-weight: bold\">@{body('Parse_JSON')?['Room']}</p>\n<p><b>Site:</b> <br/>@{body('Parse_JSON')?['Site']}</p>\n<span class=\"he1\">Booking date(s):</span>\n<p style=\"font-weight: bold;margin-top:-20px;\">@{formatDateTime(body('Parse_JSON')?['CheckOutFrom'],'dd MMM yy')} to @{formatDateTime(body('Parse_JSON')?['CheckOutTo'],'dd MMM yy')}</p>\n</div>\n\n<div class=\"col\">\n<span>Dear @{body('Parse_JSON')?['Author']?['DisplayName']},</span>\n<p>Your BayRooms room is now cancelled.</p>\n\n<p>This booking was cancelled by @{triggerBody()['text_1']}</p>\n\n<p><strong>Contact Us</strong></br>\nAny issues related to your booking or your oom please email bayrooms@mbht.nhs.uk or call extension 46000.<br/><br/>\nIf you require any technical support with your booking, please do not hesitate to contact the I3 Service Desk by forwarding to this email.</p>\n<p>Kind regards,</p>\n<p><strong>I3 Digital Services Team</strong></p>\n\n </div>\n</div>"},"authentication":{"value":"@json(decodeBase64(triggerOutputs().headers['X-MS-APIM-Tokens']))['$ConnectionKey']","type":"Raw"}}}},"outputs":{},"description":"Add a new items into a SharePoint list and then send an email when a button or link in Power Apps is selected."},"connectionReferences":{"shared_sendmail":{"connectionName":"shared-sendmail-3e7b763d-8cf1-435f-a832-65219eaaafda","source":"Invoker","id":"/providers/Microsoft.PowerApps/apis/shared_sendmail","tier":"NotSpecified"}},"flowFailureAlertSubscribed":false,"isManaged":false}}